campaign_id,campaign_name,campaign_type,start_date,end_date,budget,target_region
1,Festive Weekend Campaign,YouTube,2025-02-17,2025-06-05,228057,United Kingdom
2,Summer Streaming Campaign,YouTube,2024-05-29,2025-06-13,369705,North America
3,Entertainment Binge Campaign,Facebook Ads,2024-06-25,2025-08-06,831696,North America
4,Unlimited Summer Campaign,Google Ads,2025-01-07,2025-11-11,304391,Australia
5,Premium Streaming Campaign,Affiliate,2025-06-27,2025-07-15,517992,Australia
6,Premium Streaming Campaign,Facebook Ads,2025-09-30,2025-12-02,550367,United Kingdom
7,Entertainment Holiday Campaign,YouTube,2025-10-14,2025-11-25,324456,North America
8,Festive Streaming Campaign,Referral,2024-07-21,2025-03-13,103667,North America
9,Binge Festive Campaign,Email Campaign,2024-06-27,2024-10-06,639363,United Kingdom
10,Holiday Unlimited Campaign,YouTube,2024-02-08,2024-10-28,936507,United Kingdom
11,Entertainment Entertainment Campaign,Influencer,2025-07-03,2025-08-29,185588,India
12,Weekend Unlimited Campaign,Google Ads,2025-01-18,2025-05-12,693868,India
13,Premium Binge Campaign,Referral,2025-04-28,2025-12-01,468168,United Kingdom
14,Family Holiday Campaign,Google Ads,2024-10-14,2025-07-14,844600,North America
15,Binge Binge Campaign,Facebook Ads,2024-10-21,2025-11-20,888381,India
16,Family Premium Campaign,YouTube,2025-08-25,2025-09-18,583461,United Kingdom
17,Family Unlimited Campaign,Instagram Ads,2024-04-30,2025-07-14,579910,North America
18,Binge Family Campaign,Google Ads,2025-01-24,2025-04-08,662303,India
19,Premium Premium Campaign,Instagram Ads,2025-08-21,2025-12-14,980974,North America
20,Summer Festive Campaign,Facebook Ads,2025-02-14,2025-12-01,632228,Australia
